{
  "content": {
    "dataView": {
      "chartsEngine": "LINO",
      "sampling": {
        "selection": {
          "samplingMethod": "HEAD_SEQUENTIAL",
          "partitionSelectionMethod": "ALL",
          "maxRecords": 30000,
          "targetRatio": 0.02
        },
        "autoRefreshSample": false,
        "_refreshTrigger": 0
      },
      "steps": []
    },
    "dataset": "dss_dirty_data_example",
    "chart": {
      "type": "grouped_columns",
      "variant": "normal",
      "name": "Chart",
      "userEditedName": false,
      "xDimension": [],
      "yDimension": [],
      "uaXDimension": [],
      "uaYDimension": [],
      "uaSize": [],
      "uaColor": [],
      "uaTooltip": [],
      "groupDimension": [],
      "xMeasure": [],
      "yMeasure": [],
      "colorMeasure": [],
      "sizeMeasure": [],
      "geometry": [],
      "tooltipMeasures": [],
      "boxplotBreakdownDim": [],
      "boxplotValue": [],
      "axis1LogScale": false,
      "axis2LogScale": false,
      "includeZero": true,
      "hexbinRadius": 0,
      "smoothing": false,
      "showLegend": true,
      "colorOptions": {
        "singleColor": "#659a88",
        "transparency": 0.75,
        "colorPalette": "default",
        "ccScaleMode": "NORMAL"
      },
      "bubblesOptions": {
        "defaultRadius": 5.0
      },
      "mapOptions": {
        "tilesLayer": "mapquest-std",
        "lockSquareGrid": false
      },
      "mapGridOptions": {
        "gridLonDeg": 0.6,
        "gridLatDeg": 0.6
      },
      "disableSafetyLimits": false,
      "useLiveProcessingIfAvailable": true
    }
  },
  "name": "Chart",
  "type": "CHART",
  "miniature": {
    "type": "chart",
    "showTitle": true,
    "fullImage": true
  },
  "fullView": {
    "descriptionPosition": "right"
  },
  "description": "",
  "tags": [],
  "checklists": {
    "checklists": []
  },
  "createdBy": "admin",
  "createdOn": 1454881768737
}