{
  "owner": "admin",
  "permissions": [
    {
      "group": "administrators",
      "type": "ADMIN"
    }
  ],
  "tutorialProject": false,
  "settings": {
    "flowAnchorSourcesAndSinks": true,
    "exposedComputables": []
  },
  "name": "Data Pipeline Example",
  "description": "# Welcome to your new project\n\nThe project is your main workspace. It contains several universes\n\n* [Datasets](datasets/) where you import and explore your data\n* [Analysis](analysis/) where you can prepare, visualize, audit and create Machine Learning models\n* [Flow](flow/) where you manage how new datasets are created using recipes\n* [Notebooks](notebooks/) for code-based data mining\n* [Jobs](jobs/), with details on your workflow runs\n* [Dashboard](pinboard/), to create and share your data insights\n",
  "shortDesc": "The project *Data Pipeline Example* was created by Robert Dempsey on Feb 07th 2016",
  "checklists": {
    "checklists": [
      {
        "title": "Sample checklist: What to do with your new project ?",
        "createdOn": 0,
        "items": [
          {
            "done": true,
            "text": "Create the project",
            "createdOn": 1454867569964,
            "createdBy": "admin",
            "stateChangedOn": 0
          },
          {
            "done": false,
            "text": "Set an image (click on the colored circle)",
            "createdOn": 1454867569964,
            "createdBy": "admin",
            "stateChangedOn": 0
          },
          {
            "done": true,
            "text": "Import the [first dataset](datasets/new/)",
            "createdOn": 1454867569964,
            "createdBy": "admin",
            "stateChangedOn": 0
          },
          {
            "done": false,
            "text": "Invite [other users](settings/) to collaborate",
            "createdOn": 1454867569964,
            "createdBy": "admin",
            "stateChangedOn": 0
          },
          {
            "done": false,
            "text": "Organize your work by replacing this with a real checklist",
            "createdOn": 1454867569964,
            "createdBy": "admin",
            "stateChangedOn": 0
          }
        ]
      }
    ]
  },
  "tags": []
}